family,percent of kq,q1, q2
1, 0.95,6.229655577, 2.82254419
1,1.05,7.147677581,2.522960645
2, 0.95,6.902549973,2.229925233
2,1.05,6.660147605,3.180405389
3,0.95,6.601481415,2.766610311
3,1.05,6.979753402,2.533548305
4,0.98,6.817540159,2.348782014
4,1.05,6.711702721,3.155251723
5,0.95,6.496700785,2.937224266
5,1.05,7.033816694,2.223021106